--
-- Database: `scalr`
--

-- --------------------------------------------------------

--
-- Dumping data for table `config`
--

INSERT INTO `config` (`id`, `key`, `value`) VALUES
(3, 'cryptokey', '7FgbqO4o!jdionAj'),
(4, 'crypto_algo', 'SHA256'),
(18, 'paging_items', '20'),
(979, 'http_vhost_template', ''),
(980, 'https_vhost_template', ''),
(983, 'nginx_https_vhost_template', ''),
(1408, 'admin_password', '8c6976e5b5410415bde908bd4dee15dfb167a9c873fc4bb8a81f6f2ab448a918'),
(1581, 'admin_login', 'admin'),
(1582, 'email_address', 'admin@domain.com'),
(1583, 'email_name', 'domain.com'),
(1584, 'email_dsn', ''),
(1585, 'team_emails', ''),
(1586, 'log_days', '10'),
(1587, 'dynamic_a_rec_ttl', '90'),
(1588, 'def_soa_owner', 'admin.domain.com'),
(1589, 'def_soa_parent', 'ns1.domain.com'),
(1590, 'def_soa_ttl', '14400'),
(1591, 'def_soa_refresh', '14400'),
(1592, 'def_soa_retry', '7200'),
(1593, 'def_soa_expire', '3600000'),
(1594, 'def_soa_minttl', '300'),
(1595, 'namedconftpl', 'zone "{zone}" {\r\n   type master;\r\n   file "{db_filename}";\r\n   allow-transfer { {allow_transfer}; };\r\n   {also-notify}\r\n};'),
(1600, 'secgroup_prefix', 'scalr.'),
(1601, 's3cfg_template', '[default]\r\naccess_key = [access_key]\r\nacl_public = False\r\nforce = False\r\nhuman_readable_sizes = False\r\nrecv_chunk = 4096\r\nsecret_key = [secret_key]\r\nsend_chunk = 4096\r\nverbosity = WARNING'),
(1602, 'client_max_instances', '20'),
(1603, 'rrdtool_path', '/usr/local/rrdtool-1.3.0/bin/rrdtool'),
(1604, 'rrd_default_font_path', '/usr/share/rrdtool/fonts/DejaVuSansMono-Roman.ttf'),
(1605, 'rrd_db_dir', '/home/rrddata'),
(1606, 'rrd_stats_url', 'http://domain.com/%fid%/%rn%_%wn%.'),
(1607, 'rrd_graph_storage_type', 'LOCAL'),
(1608, 'rrd_graph_storage_path', '/home/graphics'),
(1609, 'snmptrap_path', '/usr/bin/snmptrap'),
(1610, 'http_proto', 'http'),
(1611, 'eventhandler_url', 'domain.com'),
(1612, 'reboot_timeout', '300'),
(1613, 'launch_timeout', '300'),
(1614, 'cron_processes_number', '5'),
(1615, 'app_sys_ipaddress', '192.168.1.1,192.168.1.2'),
(1621, 'apache_docroot_dir', '/var/www'),
(1622, 'apache_logs_dir', '/var/log');

-- --------------------------------------------------------

--
-- Dumping data for table `countries`
--

INSERT INTO `countries` (`id`, `name`, `code`) VALUES
(1, 'Afghanistan', 'AF'),
(2, 'Albania', 'AL'),
(3, 'Algeria', 'DZ'),
(4, 'American Samoa', 'AS'),
(5, 'Andorra', 'AD'),
(6, 'Angola', 'AO'),
(7, 'Anguilla', 'AI'),
(8, 'Antarctica', 'AQ'),
(9, 'Antigua and Barbuda', 'AG'),
(10, 'Argentina', 'AR'),
(11, 'Armenia', 'AM'),
(12, 'Aruba', 'AW'),
(13, 'Australia', 'AU'),
(14, 'Austria', 'AT'),
(15, 'Azerbaijan', 'AZ'),
(16, 'Bahamas', 'BS'),
(17, 'Bahrain', 'BH'),
(18, 'Bangladesh', 'BD'),
(19, 'Barbados', 'BB'),
(20, 'Belarus', 'BY'),
(21, 'Belgium', 'BE'),
(22, 'Belize', 'BZ'),
(23, 'Benin', 'BJ'),
(24, 'Bermuda', 'BM'),
(25, 'Bhutan', 'BT'),
(26, 'Bolivia', 'BO'),
(27, 'Bosnia and Herzegowina', 'BA'),
(28, 'Botswana', 'BW'),
(29, 'Bouvet Island', 'BV'),
(30, 'Brazil', 'BR'),
(31, 'British Indian Ocean Territory', 'IO'),
(32, 'Brunei Darussalam', 'BN'),
(33, 'Bulgaria', 'BG'),
(34, 'Burkina Faso', 'BF'),
(35, 'Burundi', 'BI'),
(36, 'Cambodia', 'KH'),
(37, 'Cameroon', 'CM'),
(38, 'Canada', 'CA'),
(39, 'Cape Verde', 'CV'),
(40, 'Cayman Islands', 'KY'),
(41, 'Central African Republic', 'CF'),
(42, 'Chad', 'TD'),
(43, 'Chile', 'CL'),
(44, 'China', 'CN'),
(45, 'Christmas Island', 'CX'),
(46, 'Cocos (Keeling) Islands', 'CC'),
(47, 'Colombia', 'CO'),
(48, 'Comoros', 'KM'),
(49, 'Congo', 'CG'),
(50, 'Cook Islands', 'CK'),
(51, 'Costa Rica', 'CR'),
(52, 'Cote D''Ivoire', 'CI'),
(53, 'Croatia', 'HR'),
(54, 'Cuba', 'CU'),
(55, 'Cyprus', 'CY'),
(56, 'Czech Republic', 'CZ'),
(57, 'Denmark', 'DK'),
(58, 'Djibouti', 'DJ'),
(59, 'Dominica', 'DM'),
(60, 'Dominican Republic', 'DO'),
(61, 'East Timor', 'TP'),
(62, 'Ecuador', 'EC'),
(63, 'Egypt', 'EG'),
(64, 'El Salvador', 'SV'),
(65, 'Equatorial Guinea', 'GQ'),
(66, 'Eritrea', 'ER'),
(67, 'Estonia', 'EE'),
(68, 'Ethiopia', 'ET'),
(69, 'Falkland Islands (Malvinas)', 'FK'),
(70, 'Faroe Islands', 'FO'),
(71, 'Fiji', 'FJ'),
(72, 'Finland', 'FI'),
(73, 'France', 'FR'),
(74, 'France, MEtropolitan', 'FX'),
(75, 'French Guiana', 'GF'),
(76, 'French Polynesia', 'PF'),
(77, 'French Southern Territories', 'TF'),
(78, 'Gabon', 'GA'),
(79, 'Gambia', 'GM'),
(80, 'Georgia', 'GE'),
(81, 'Germany', 'DE'),
(82, 'Ghana', 'GH'),
(83, 'Gibraltar', 'GI'),
(84, 'Greece', 'GR'),
(85, 'Greenland', 'GL'),
(86, 'Grenada', 'GD'),
(87, 'Guadeloupe', 'GP'),
(88, 'Guam', 'GU'),
(89, 'Guatemala', 'GT'),
(90, 'Guinea', 'GN'),
(91, 'Guinea-bissau', 'GW'),
(92, 'Guyana', 'GY'),
(93, 'Haiti', 'HT'),
(94, 'Heard and Mc Donald Islands', 'HM'),
(95, 'Honduras', 'HN'),
(96, 'Hong Kong', 'HK'),
(97, 'Hungary', 'HU'),
(98, 'Iceland', 'IS'),
(99, 'India', 'IN'),
(100, 'Indonesia', 'ID'),
(101, 'Iran (Islamic Republic of)', 'IR'),
(102, 'Iraq', 'IQ'),
(103, 'Ireland', 'IE'),
(104, 'Israel', 'IL'),
(105, 'Italy', 'IT'),
(106, 'Jamaica', 'JM'),
(107, 'Japan', 'JP'),
(108, 'Jordan', 'JO'),
(109, 'Kazakhstan', 'KZ'),
(110, 'Kenya', 'KE'),
(111, 'Kiribati', 'KI'),
(112, 'Korea, Democratic People''s Republic of', 'KP'),
(113, 'Korea, Republic of', 'KR'),
(114, 'Kuwait', 'KW'),
(115, 'Kyrgyzstan', 'KG'),
(116, 'Lao People''s Democratic Republic', 'LA'),
(117, 'Latvia', 'LV'),
(118, 'Lebanon', 'LB'),
(119, 'Lesotho', 'LS'),
(120, 'Liberia', 'LR'),
(121, 'Libyan Arab Jamahiriya', 'LY'),
(122, 'Liechtenstein', 'LI'),
(123, 'Lithuania', 'LT'),
(124, 'Luxembourg', 'LU'),
(125, 'Macau', 'MO'),
(126, 'Macedonia, The Former Yugoslav Republic of', 'MK'),
(127, 'Madagascar', 'MG'),
(128, 'Malawi', 'MW'),
(129, 'Malaysia', 'MY'),
(130, 'Maldives', 'MV'),
(131, 'Mali', 'ML'),
(132, 'Malta', 'MT'),
(133, 'Marshall Islands', 'MH'),
(134, 'Martinique', 'MQ'),
(135, 'Mauritania', 'MR'),
(136, 'Mauritius', 'MU'),
(137, 'Mayotte', 'YT'),
(138, 'Mexico', 'MX'),
(139, 'Micronesia, Federated States of', 'FM'),
(140, 'Moldova, Republic of', 'MD'),
(141, 'Monaco', 'MC'),
(142, 'Mongolia', 'MN'),
(143, 'Montserrat', 'MS'),
(144, 'Morocco', 'MA'),
(145, 'Mozambique', 'MZ'),
(146, 'Myanmar', 'MM'),
(147, 'Namibia', 'NA'),
(148, 'Nauru', 'NR'),
(149, 'Nepal', 'NP'),
(150, 'Netherlands', 'NL'),
(151, 'Netherlands Antilles', 'AN'),
(152, 'New Caledonia', 'NC'),
(153, 'New Zealand', 'NZ'),
(154, 'Nicaragua', 'NI'),
(155, 'Niger', 'NE'),
(156, 'Nigeria', 'NG'),
(157, 'Niue', 'NU'),
(158, 'Norfolk Island', 'NF'),
(159, 'Northern Mariana Islands', 'MP'),
(160, 'Norway', 'NO'),
(161, 'Oman', 'OM'),
(162, 'Pakistan', 'PK'),
(163, 'Palau', 'PW'),
(164, 'Panama', 'PA'),
(165, 'Papua New Guinea', 'PG'),
(166, 'Paraguay', 'PY'),
(167, 'Peru', 'PE'),
(168, 'Philippines', 'PH'),
(169, 'Pitcairn', 'PN'),
(170, 'Poland', 'PL'),
(171, 'Portugal', 'PT'),
(172, 'Puerto Rico', 'PR'),
(173, 'Qatar', 'QA'),
(174, 'Reunion', 'RE'),
(175, 'Romania', 'RO'),
(176, 'Russian Federation', 'RU'),
(177, 'Rwanda', 'RW'),
(178, 'Saint Kitts and Nevis', 'KN'),
(179, 'Saint Lucia', 'LC'),
(180, 'Saint Vincent and the Grenadines', 'VC'),
(181, 'Samoa', 'WS'),
(182, 'San Marino', 'SM'),
(183, 'Sao Tome and Principe', 'ST'),
(184, 'Saudi Arabia', 'SA'),
(185, 'Senegal', 'SN'),
(186, 'Seychelles', 'SC'),
(187, 'Sierra Leone', 'SL'),
(188, 'Singapore', 'SG'),
(189, 'Slovakia (Slovak Republic)', 'SK'),
(190, 'Slovenia', 'SI'),
(191, 'Solomon Islands', 'SB'),
(192, 'Somalia', 'SO'),
(193, 'south Africa', 'ZA'),
(194, 'South Georgia and the South Sandwich Islands', 'GS'),
(195, 'Spain', 'ES'),
(196, 'Sri Lanka', 'LK'),
(197, 'St. Helena', 'SH'),
(198, 'St. Pierre and Miquelon', 'PM'),
(199, 'Sudan', 'SD'),
(200, 'Suriname', 'SR'),
(201, 'Svalbard and Jan Mayen Islands', 'SJ'),
(202, 'Swaziland', 'SZ'),
(203, 'Sweden', 'SE'),
(204, 'Switzerland', 'CH'),
(205, 'Syrian Arab Republic', 'SY'),
(206, 'Taiwan, Province of China', 'TW'),
(207, 'Tajikistan', 'TJ'),
(208, 'Tanzania, United Republic of', 'TZ'),
(209, 'Thailand', 'TH'),
(210, 'Togo', 'TG'),
(211, 'Tokelau', 'TK'),
(212, 'Tonga', 'TO'),
(213, 'Trinidad and Tobago', 'TT'),
(214, 'Tunisia', 'TN'),
(215, 'Turkey', 'TR'),
(216, 'Turkmenistan', 'TM'),
(217, 'Turks and Caicos Islands', 'TC'),
(218, 'Tuvalu', 'TV'),
(219, 'Uganda', 'UG'),
(220, 'Ukraine', 'UA'),
(221, 'United Arab Emirates', 'AE'),
(222, 'United Kingdom', 'GB'),
(223, 'United States', 'US'),
(224, 'United States Minor Outlying Islands', 'UM'),
(225, 'Uruguay', 'UY'),
(226, 'Uzbekistan', 'UZ'),
(227, 'Vanuatu', 'VU'),
(228, 'Vatican City State (Holy See)', 'VA'),
(229, 'Venezuela', 'VE'),
(230, 'Viet Nam', 'VN'),
(231, 'Virgin Islands (British)', 'VG'),
(232, 'Virgin Islands (U.S.)', 'VI'),
(233, 'Wallis and Futuna Islands', 'WF'),
(234, 'Western Sahara', 'EH'),
(235, 'Yemen', 'YE'),
(236, 'Yugoslavia', 'YU'),
(237, 'Zaire', 'ZR'),
(238, 'Zambia', 'ZM'),
(239, 'Zimbabwe', 'ZW');

-- --------------------------------------------------------

--
-- Dumping data for table `default_records`
--

INSERT INTO `default_records` (`id`, `clientid`, `type`, `ttl`, `priority`, `value`, `name`) VALUES
(1, 0, 'CNAME', 14400, 0, '%hostname%', 'www');

-- --------------------------------------------------------


--
-- Dumping data for table `ipaccess`
--

INSERT INTO `ipaccess` (`ipaddress`, `comment`) VALUES ('*.*.*.*', 'Disable IP whitelist');

-- --------------------------------------------------------

--
-- Dumping data for table `scaling_metrics`
--

INSERT INTO `scaling_metrics` (`id`, `client_id`, `env_id`, `name`, `file_path`, `retrieve_method`, `calc_function`, `algorithm`, `alias`) VALUES
(1, 0, 0, 'LoadAverages', NULL, NULL, 'avg', 'Sensor', 'la'),
(2, 0, 0, 'FreeRam', NULL, NULL, 'avg', 'Sensor', 'ram'),
(3, 0, 0, 'URLResponseTime', NULL, NULL, NULL, 'Sensor', 'http'),
(4, 0, 0, 'SQSQueueSize', NULL, NULL, NULL, 'Sensor', 'sqs'),
(5, 0, 0, 'DateAndTime', NULL, NULL, NULL, 'DateTime', 'time'),
(6, 0, 0, 'BandWidth', NULL, NULL, NULL, 'Sensor', 'bw');


INSERT INTO `roles` (`id`, `name`, `origin`, `client_id`, `env_id`, `description`, `behaviors`, `architecture`, `is_stable`, `history`, `approval_state`, `generation`, `os`, `szr_version`) VALUES
(16161, 'mysqllvm-centos-5-4', 'SHARED', 0, 0, 'MySQL (v5.0.77) role on CentOS 5.4 i386 EBS', 'mysql', 'i386', 1, '', NULL, 2, 'CentOS 5.4', '0.6.21'),
(16162, 'mysqllvm64-centos-5-4', 'SHARED', 0, 0, 'MySQL (v5.0.77) role on CentOS 5.4 x86_64 EBS', 'mysql', 'x86_64', 1, '', NULL, 2, 'CentOS 5.4', '0.6.21'),
(16163, 'base-centos-5-4', 'SHARED', 0, 0, 'Base role on CentOS 5.4 i386 EBS', 'base', 'i386', 1, '', NULL, 2, 'CentOS 5.4', '0.6.21'),
(16164, 'base64-centos-5-4', 'SHARED', 0, 0, 'Base role on CentOS 5.4 x86_64 EBS ', 'base', 'x86_64', 1, '', NULL, 2, 'CentOS 5.4', '0.6.21'),
(16374, 'mysqllvm-ubuntu-10-04', 'SHARED', 0, 0, 'MySQL (v5.1.41) on Ubuntu 10.04 i386 EBS-root', 'mysql', 'i386', 0, '', NULL, 2, 'Ubuntu 10.04', '0.6.21'),
(16375, 'mysqllvm64-ubuntu-10-04', 'SHARED', 0, 0, 'MySQL (v5.1.41) on Ubuntu 10.04 x86_64 EBS-root', 'mysql', 'x86_64', 0, '', NULL, 2, 'Ubuntu 10.04', '0.6.21'),
(18015, 'app-apache-centos-ebs', 'SHARED', 0, 0, 'Can act as a backend (if farm contains load balancer role) or frontend web server.', 'app', 'i386', 1, NULL, 'Approved', 2, 'CentOS 5.5 Final', '0.6.21'),
(18016, 'app-apache64-centos-ebs', 'SHARED', 0, 0, 'Can act as a backend (if farm contains load balancer role) or frontend web server.', 'app', 'x86_64', 1, NULL, 'Approved', 2, 'CentOS 5.5. Final', '0.6.21'),
(18017, 'lb-nginx-centos-ebs', 'SHARED', 0, 0, 'Frontend web server/load balancer, running nginx. Proxies all requests to all instances of Application Server role.', 'www', 'i386', 1, NULL, 'Approved', 2, 'CentOS 5.5 Final', '0.6.21'),
(18018, 'lb-nginx64-centos-ebs', 'SHARED', 0, 0, 'Frontend web server/load balancer, running nginx. Proxies all requests to all instances of Application Server role.', 'www', 'x86_64', 1, NULL, 'Approved', 2, 'CentOS 5.5. Final', '0.6.21'),
(18367, 'lamp-centos-ebs', 'SHARED', 0, 0, 'Clasic LAMP', 'mysql,app', 'i386', 1, NULL, 'Approved', 2, 'CentOS 5.5 Final', '0.6.21'),
(18368, 'lamp64-centos-ebs', 'SHARED', 0, 0, 'Classic LAMP', 'mysql,app', 'x86_64', 1, NULL, 'Approved', 2, 'CentOS 5.5 Final', '0.6.21'),
(18615, 'base-ubuntu-ebs', 'SHARED', 0, 0, 'Base role', 'base', 'i386', 1, NULL, 'Approved', 2, 'Ubuntu 10.04', '0.6.21'),
(18616, 'base64-ubuntu-ebs', 'SHARED', 0, 0, 'Base role', 'base', 'x86_64', 1, NULL, 'Approved', 2, 'Ubuntu 10.04', '0.6.21'),
(18617, 'app-apache-ubuntu-ebs', 'SHARED', 0, 0, 'Can act as a backend (if farm contains load balancer role) or frontend web server. ', 'app', 'i386', 1, NULL, 'Approved', 2, 'Ubuntu 10.04', '0.6.21'),
(18618, 'app-apache64-ubuntu-ebs', 'SHARED', 0, 0, 'Can act as a backend (if farm contains load balancer role) or frontend web server. ', 'app', 'x86_64', 1, NULL, 'Approved', 2, 'Ubuntu 10.04', '0.6.21'),
(18619, 'lb-nginx-ubuntu-ebs', 'SHARED', 0, 0, 'Frontend web server/load balancer, running nginx. Proxies all requests to all instances of Application Server role. ', 'www', 'i386', 1, NULL, 'Approved', 2, 'Ubuntu 10.04', '0.6.21'),
(18620, 'lb-nginx64-ubuntu-ebs', 'SHARED', 0, 0, 'Frontend web server/load balancer, running nginx. Proxies all requests to all instances of Application Server role. ', 'www', 'x86_64', 1, NULL, 'Approved', 2, 'Ubuntu 10.04', '0.6.21'),
(18621, 'mysqllvm-ubuntu-ebs', 'SHARED', 0, 0, 'MySQL database server. Scalr automatically assigns master and slave roles, if multiple instances launched, and re-assigns during scaling or curing.', 'mysql', 'i386', 1, NULL, 'Approved', 2, 'Ubuntu 10.04', '0.6.21'),
(18622, 'mysqllvm64-ubuntu-ebs', 'SHARED', 0, 0, 'MySQL database server. Scalr automatically assigns master and slave roles, if multiple instances launched, and re-assigns during scaling or curing.', 'mysql', 'x86_64', 1, NULL, 'Approved', 2, 'Ubuntu 10.04', '0.6.21'),
(18623, 'lamp-ubuntu-ebs', 'SHARED', 0, 0, 'Classic LAMP (Linux Apache PHP MySQL)', 'mysql,app', 'i386', 1, NULL, 'Approved', 2, 'Ubuntu 10.04', '0.6.21'),
(18624, 'lamp64-ubuntu-ebs', 'SHARED', 0, 0, 'Classic LAMP (Linux Apache PHP MySQL)', 'mysql,app', 'x86_64', 1, NULL, 'Approved', 2, 'Ubuntu 10.04', '0.6.21');

INSERT INTO `role_behaviors` (`id`, `role_id`, `behavior`) VALUES
(9491, 16161, 'mysql'),
(9492, 16162, 'mysql'),
(9298, 16163, 'base'),
(9299, 16164, 'base'),
(4493, 16374, 'mysql'),
(4496, 16375, 'mysql'),
(9300, 18015, 'app'),
(9301, 18016, 'app'),
(9303, 18017, 'www'),
(9302, 18018, 'www'),
(5432, 18367, 'app'),
(5431, 18367, 'mysql'),
(5435, 18368, 'app'),
(5434, 18368, 'mysql'),
(9479, 18615, 'base'),
(9480, 18616, 'base'),
(9481, 18617, 'app'),
(9482, 18618, 'app'),
(9487, 18619, 'www'),
(9488, 18620, 'www'),
(9489, 18621, 'mysql'),
(9490, 18622, 'mysql'),
(9484, 18623, 'app'),
(9483, 18623, 'mysql'),
(9486, 18624, 'app'),
(9485, 18624, 'mysql');

INSERT INTO `role_images` (`id`, `role_id`, `cloud_location`, `image_id`, `platform`) VALUES
(4504, 16163, 'us-east-1', 'ami-2002f749', 'ec2'),
(4505, 16163, 'us-west-1', 'ami-8c1747c9', 'ec2'),
(4506, 16163, 'eu-west-1', 'ami-146d5860', 'ec2'),
(4507, 16163, 'ap-southeast-1', 'ami-f81967aa', 'ec2'),
(4515, 16164, 'us-east-1', 'ami-1402f77d', 'ec2'),
(4516, 16164, 'us-west-1', 'ami-9c1747d9', 'ec2'),
(4517, 16164, 'eu-west-1', 'ami-f86d588c', 'ec2'),
(4518, 16164, 'ap-southeast-1', 'ami-10166842', 'ec2'),
(4551, 16161, 'us-east-1', 'ami-fc02f795', 'ec2'),
(4552, 16161, 'us-west-1', 'ami-941747d1', 'ec2'),
(4553, 16161, 'eu-west-1', 'ami-fe6c598a', 'ec2'),
(4554, 16161, 'ap-southeast-1', 'ami-5a166808', 'ec2'),
(4555, 16374, 'us-east-1', 'ami-9205effb', 'ec2'),
(4560, 16162, 'us-east-1', 'ami-a002f7c9', 'ec2'),
(4561, 16162, 'us-west-1', 'ami-9e1747db', 'ec2'),
(4562, 16162, 'eu-west-1', 'ami-c86c59bc', 'ec2'),
(4563, 16162, 'ap-southeast-1', 'ami-e21668b0', 'ec2'),
(4564, 16375, 'us-east-1', 'ami-6a1af003', 'ec2'),
(4797, 18015, 'us-east-1', 'ami-a26793cb', 'ec2'),
(4798, 18015, 'us-west-1', 'ami-44306001', 'ec2'),
(4799, 18015, 'eu-west-1', 'ami-8c3306f8', 'ec2'),
(4800, 18015, 'ap-southeast-1', 'ami-48057b1a', 'ec2'),
(4801, 18016, 'us-east-1', 'ami-ec778385', 'ec2'),
(4802, 18016, 'us-west-1', 'ami-4c306009', 'ec2'),
(4803, 18016, 'eu-west-1', 'ami-56320722', 'ec2'),
(4804, 18016, 'ap-southeast-1', 'ami-02057b50', 'ec2'),
(4805, 18017, 'us-east-1', 'ami-f00bff99', 'ec2'),
(4806, 18017, 'us-west-1', 'ami-bc0f5ff9', 'ec2'),
(4807, 18017, 'eu-west-1', 'ami-50330624', 'ec2'),
(4808, 18017, 'ap-southeast-1', 'ami-20077972', 'ec2'),
(4809, 18018, 'us-east-1', 'ami-fe0bff97', 'ec2'),
(4810, 18018, 'us-west-1', 'ami-be0f5ffb', 'ec2'),
(4811, 18018, 'eu-west-1', 'ami-4833063c', 'ec2'),
(4812, 18018, 'ap-southeast-1', 'ami-6a047a38', 'ec2'),
(5167, 18367, 'us-east-1', 'ami-2add2a43', 'ec2'),
(5168, 18367, 'us-west-1', 'ami-5e22721b', 'ec2'),
(5169, 18367, 'eu-west-1', 'ami-d20431a6', 'ec2'),
(5170, 18367, 'ap-southeast-1', 'ami-42770910', 'ec2'),
(5171, 18368, 'us-east-1', 'ami-30dd2a59', 'ec2'),
(5172, 18368, 'us-west-1', 'ami-6822722d', 'ec2'),
(5173, 18368, 'ap-southeast-1', 'ami-00770952', 'ec2'),
(5174, 18368, 'eu-west-1', 'ami-c40431b0', 'ec2'),
(5426, 18615, 'us-east-1', 'ami-6613e40f', 'ec2'),
(5430, 18616, 'us-east-1', 'ami-f614e39f', 'ec2'),
(5434, 18617, 'us-east-1', 'ami-c61cebaf', 'ec2'),
(5438, 18618, 'us-east-1', 'ami-a81cebc1', 'ec2'),
(5442, 18619, 'us-east-1', 'ami-9c13e4f5', 'ec2'),
(5446, 18620, 'us-east-1', 'ami-ac13e4c5', 'ec2'),
(5450, 18621, 'us-east-1', 'ami-741bec1d', 'ec2'),
(5454, 18622, 'us-east-1', 'ami-0a1bec63', 'ec2'),
(5458, 18623, 'us-east-1', 'ami-8614e3ef', 'ec2'),
(5460, 18623, 'eu-west-1', 'ami-01fbce75', 'ec2'),
(5462, 18624, 'us-east-1', 'ami-fc13e495', 'ec2'),
(5469, 18621, 'eu-west-1', 'ami-f3fbce87', 'ec2'),
(5470, 18619, 'eu-west-1', 'ami-fdfbce89', 'ec2'),
(5471, 18617, 'eu-west-1', 'ami-fffbce8b', 'ec2'),
(5472, 18615, 'eu-west-1', 'ami-f9fbce8d', 'ec2'),
(5473, 18616, 'eu-west-1', 'ami-fbfbce8f', 'ec2'),
(5475, 18618, 'eu-west-1', 'ami-e5fbce91', 'ec2'),
(5476, 18620, 'eu-west-1', 'ami-e7fbce93', 'ec2'),
(5477, 18622, 'eu-west-1', 'ami-e1fbce95', 'ec2'),
(5478, 18624, 'eu-west-1', 'ami-e3fbce97', 'ec2'),
(5483, 18623, 'us-west-1', 'ami-10510155', 'ec2'),
(5484, 18621, 'us-west-1', 'ami-12510157', 'ec2'),
(5485, 18619, 'us-west-1', 'ami-1c510159', 'ec2'),
(5486, 18617, 'us-west-1', 'ami-1e51015b', 'ec2'),
(5487, 18615, 'us-west-1', 'ami-1851015d', 'ec2'),
(5488, 18616, 'us-west-1', 'ami-1a51015f', 'ec2'),
(5489, 18618, 'us-west-1', 'ami-26510163', 'ec2'),
(5490, 18620, 'us-west-1', 'ami-20510165', 'ec2'),
(5491, 18622, 'us-west-1', 'ami-2c510169', 'ec2'),
(5492, 18624, 'us-west-1', 'ami-2e51016b', 'ec2'),
(5493, 18623, 'ap-southeast-1', 'ami-0e6a145c', 'ec2'),
(5494, 18621, 'ap-southeast-1', 'ami-0c6a145e', 'ec2'),
(5495, 18619, 'ap-southeast-1', 'ami-326a1460', 'ec2'),
(5496, 18617, 'ap-southeast-1', 'ami-306a1462', 'ec2'),
(5497, 18615, 'ap-southeast-1', 'ami-366a1464', 'ec2'),
(5498, 18616, 'ap-southeast-1', 'ami-346a1466', 'ec2'),
(5499, 18618, 'ap-southeast-1', 'ami-3a6a1468', 'ec2'),
(5500, 18620, 'ap-southeast-1', 'ami-386a146a', 'ec2'),
(5501, 18622, 'ap-southeast-1', 'ami-3e6a146c', 'ec2'),
(5502, 18624, 'ap-southeast-1', 'ami-3c6a146e', 'ec2'),
(7853, 16163, 'us-east-1', 'ami-2002f749', 'ec2'),
(7854, 16163, 'us-west-1', 'ami-8c1747c9', 'ec2'),
(7855, 16163, 'eu-west-1', 'ami-146d5860', 'ec2'),
(7856, 16163, 'ap-southeast-1', 'ami-f81967aa', 'ec2'),
(7857, 16163, 'ap-northeast-1', 'ami-6400ab65', 'ec2'),
(7858, 16164, 'us-east-1', 'ami-1402f77d', 'ec2'),
(7859, 16164, 'us-west-1', 'ami-9c1747d9', 'ec2'),
(7860, 16164, 'eu-west-1', 'ami-f86d588c', 'ec2'),
(7861, 16164, 'ap-southeast-1', 'ami-10166842', 'ec2'),
(7862, 16164, 'ap-northeast-1', 'ami-3607ac37', 'ec2'),
(7863, 18015, 'us-east-1', 'ami-a26793cb', 'ec2'),
(7864, 18015, 'us-west-1', 'ami-44306001', 'ec2'),
(7865, 18015, 'eu-west-1', 'ami-8c3306f8', 'ec2'),
(7866, 18015, 'ap-southeast-1', 'ami-48057b1a', 'ec2'),
(7867, 18015, 'ap-northeast-1', 'ami-fe01aaff', 'ec2'),
(7868, 18016, 'us-east-1', 'ami-ec778385', 'ec2'),
(7869, 18016, 'us-west-1', 'ami-4c306009', 'ec2'),
(7870, 18016, 'eu-west-1', 'ami-56320722', 'ec2'),
(7871, 18016, 'ap-southeast-1', 'ami-02057b50', 'ec2'),
(7872, 18016, 'ap-northeast-1', 'ami-3c00ab3d', 'ec2'),
(7873, 18018, 'us-east-1', 'ami-fe0bff97', 'ec2'),
(7874, 18018, 'us-west-1', 'ami-be0f5ffb', 'ec2'),
(7875, 18018, 'eu-west-1', 'ami-4833063c', 'ec2'),
(7876, 18018, 'ap-southeast-1', 'ami-6a047a38', 'ec2'),
(7877, 18018, 'ap-northeast-1', 'ami-4e00ab4f', 'ec2'),
(7878, 18017, 'us-east-1', 'ami-f00bff99', 'ec2'),
(7879, 18017, 'us-west-1', 'ami-bc0f5ff9', 'ec2'),
(7880, 18017, 'eu-west-1', 'ami-50330624', 'ec2'),
(7881, 18017, 'ap-southeast-1', 'ami-20077972', 'ec2'),
(7882, 18017, 'ap-northeast-1', 'ami-4400ab45', 'ec2'),
(8011, 18615, 'us-east-1', 'ami-6613e40f', 'ec2'),
(8012, 18615, 'eu-west-1', 'ami-f9fbce8d', 'ec2'),
(8013, 18615, 'us-west-1', 'ami-1851015d', 'ec2'),
(8014, 18615, 'ap-southeast-1', 'ami-366a1464', 'ec2'),
(8015, 18615, 'ap-northeast-1', 'ami-5c06ad5d', 'ec2'),
(8016, 18616, 'us-east-1', 'ami-f614e39f', 'ec2'),
(8017, 18616, 'eu-west-1', 'ami-fbfbce8f', 'ec2'),
(8018, 18616, 'us-west-1', 'ami-1a51015f', 'ec2'),
(8019, 18616, 'ap-southeast-1', 'ami-346a1466', 'ec2'),
(8020, 18616, 'ap-northeast-1', 'ami-a004afa1', 'ec2'),
(8021, 18617, 'us-east-1', 'ami-c61cebaf', 'ec2'),
(8022, 18617, 'eu-west-1', 'ami-fffbce8b', 'ec2'),
(8023, 18617, 'us-west-1', 'ami-1e51015b', 'ec2'),
(8024, 18617, 'ap-southeast-1', 'ami-306a1462', 'ec2'),
(8025, 18617, 'ap-northeast-1', 'ami-8e04af8f', 'ec2'),
(8026, 18618, 'us-east-1', 'ami-a81cebc1', 'ec2'),
(8027, 18618, 'eu-west-1', 'ami-e5fbce91', 'ec2'),
(8028, 18618, 'us-west-1', 'ami-26510163', 'ec2'),
(8029, 18618, 'ap-southeast-1', 'ami-3a6a1468', 'ec2'),
(8030, 18618, 'ap-northeast-1', 'ami-9c04af9d', 'ec2'),
(8031, 18623, 'us-east-1', 'ami-8614e3ef', 'ec2'),
(8032, 18623, 'eu-west-1', 'ami-01fbce75', 'ec2'),
(8033, 18623, 'us-west-1', 'ami-10510155', 'ec2'),
(8034, 18623, 'ap-southeast-1', 'ami-0e6a145c', 'ec2'),
(8035, 18623, 'ap-northeast-1', 'ami-c004afc1', 'ec2'),
(8036, 18624, 'us-east-1', 'ami-fc13e495', 'ec2'),
(8037, 18624, 'eu-west-1', 'ami-e3fbce97', 'ec2'),
(8038, 18624, 'us-west-1', 'ami-2e51016b', 'ec2'),
(8039, 18624, 'ap-southeast-1', 'ami-3c6a146e', 'ec2'),
(8040, 18624, 'ap-northeast-1', 'ami-741ab175', 'ec2'),
(8041, 18619, 'us-east-1', 'ami-9c13e4f5', 'ec2'),
(8042, 18619, 'eu-west-1', 'ami-fdfbce89', 'ec2'),
(8043, 18619, 'us-west-1', 'ami-1c510159', 'ec2'),
(8044, 18619, 'ap-southeast-1', 'ami-326a1460', 'ec2'),
(8045, 18619, 'ap-northeast-1', 'ami-a604afa7', 'ec2'),
(8046, 18620, 'us-east-1', 'ami-ac13e4c5', 'ec2'),
(8047, 18620, 'eu-west-1', 'ami-e7fbce93', 'ec2'),
(8048, 18620, 'us-west-1', 'ami-20510165', 'ec2'),
(8049, 18620, 'ap-southeast-1', 'ami-386a146a', 'ec2'),
(8050, 18620, 'ap-northeast-1', 'ami-b804afb9', 'ec2'),
(8051, 18621, 'us-east-1', 'ami-741bec1d', 'ec2'),
(8052, 18621, 'eu-west-1', 'ami-f3fbce87', 'ec2'),
(8053, 18621, 'us-west-1', 'ami-12510157', 'ec2'),
(8054, 18621, 'ap-southeast-1', 'ami-0c6a145e', 'ec2'),
(8055, 18621, 'ap-northeast-1', 'ami-bc04afbd', 'ec2'),
(8056, 18622, 'us-east-1', 'ami-0a1bec63', 'ec2'),
(8057, 18622, 'eu-west-1', 'ami-e1fbce95', 'ec2'),
(8058, 18622, 'us-west-1', 'ami-2c510169', 'ec2'),
(8059, 18622, 'ap-southeast-1', 'ami-3e6a146c', 'ec2'),
(8060, 18622, 'ap-northeast-1', 'ami-be04afbf', 'ec2'),
(8061, 16161, 'us-east-1', 'ami-fc02f795', 'ec2'),
(8062, 16161, 'us-west-1', 'ami-941747d1', 'ec2'),
(8063, 16161, 'eu-west-1', 'ami-fe6c598a', 'ec2'),
(8064, 16161, 'ap-southeast-1', 'ami-5a166808', 'ec2'),
(8065, 16161, 'ap-northeast-1', 'ami-f207acf3', 'ec2'),
(8066, 16162, 'us-east-1', 'ami-a002f7c9', 'ec2'),
(8067, 16162, 'us-west-1', 'ami-9e1747db', 'ec2'),
(8068, 16162, 'eu-west-1', 'ami-c86c59bc', 'ec2'),
(8069, 16162, 'ap-southeast-1', 'ami-e21668b0', 'ec2'),
(8070, 16162, 'ap-northeast-1', 'ami-0606ad07', 'ec2');


INSERT INTO `role_parameters` (`id`, `role_id`, `name`, `type`, `isrequired`, `defval`, `allow_multiple_choice`, `options`, `hash`, `issystem`) VALUES
(4249, 18018, 'Nginx HTTPS Vhost Template', 'textarea', 1, '{literal}server { {/literal}\r\n	listen       443;\r\n	server_name  {$host} www.{$host} {$server_alias};\r\n	\r\n	ssl                  on;\r\n	ssl_certificate      /etc/aws/keys/ssl/https.crt;\r\n	ssl_certificate_key  /etc/aws/keys/ssl/https.key;\r\n\r\n	ssl_session_timeout  10m;\r\n	ssl_session_cache    shared:SSL:10m;\r\n\r\n	ssl_protocols  SSLv2 SSLv3 TLSv1;\r\n	ssl_ciphers  ALL:!ADH:!EXPORT56:RC4+RSA:+HIGH:+MEDIUM:+LOW:+SSLv2:+EXP;\r\n	ssl_prefer_server_ciphers   on;\r\n{literal}\r\n	location / {\r\n		proxy_pass         http://backend;\r\n		proxy_set_header   Host             $host;\r\n		proxy_set_header   X-Real-IP        $remote_addr;\r\n		proxy_set_header   X-Forwarded-For  $proxy_add_x_forwarded_for;\r\n\r\n		client_max_body_size       10m;\r\n		client_body_buffer_size    128k;\r\n  \r\n		proxy_buffering on;\r\n		proxy_connect_timeout 15;\r\n		proxy_intercept_errors on;  \r\n    }\r\n} {/literal}', 0, '', 'nginx_https_vhost_template', 1),
(4250, 18017, 'Nginx HTTPS Vhost Template', 'textarea', 1, '{literal}server { {/literal}\r\n	listen       443;\r\n	server_name  {$host} www.{$host} {$server_alias};\r\n	\r\n	ssl                  on;\r\n	ssl_certificate      /etc/aws/keys/ssl/https.crt;\r\n	ssl_certificate_key  /etc/aws/keys/ssl/https.key;\r\n\r\n	ssl_session_timeout  10m;\r\n	ssl_session_cache    shared:SSL:10m;\r\n\r\n	ssl_protocols  SSLv2 SSLv3 TLSv1;\r\n	ssl_ciphers  ALL:!ADH:!EXPORT56:RC4+RSA:+HIGH:+MEDIUM:+LOW:+SSLv2:+EXP;\r\n	ssl_prefer_server_ciphers   on;\r\n{literal}\r\n	location / {\r\n		proxy_pass         http://backend;\r\n		proxy_set_header   Host             $host;\r\n		proxy_set_header   X-Real-IP        $remote_addr;\r\n		proxy_set_header   X-Forwarded-For  $proxy_add_x_forwarded_for;\r\n\r\n		client_max_body_size       10m;\r\n		client_body_buffer_size    128k;\r\n  \r\n		proxy_buffering on;\r\n		proxy_connect_timeout 15;\r\n		proxy_intercept_errors on;  \r\n    }\r\n} {/literal}', 0, '', 'nginx_https_vhost_template', 1),
(4286, 18619, 'Nginx HTTPS Vhost Template', 'text', 1, '{literal}server { {/literal}\r\n	listen       443;\r\n	server_name  {$host} www.{$host} {$server_alias};\r\n	\r\n	ssl                  on;\r\n	ssl_certificate      /etc/aws/keys/ssl/https.crt;\r\n	ssl_certificate_key  /etc/aws/keys/ssl/https.key;\r\n\r\n	ssl_session_timeout  10m;\r\n	ssl_session_cache    shared:SSL:10m;\r\n\r\n	ssl_protocols  SSLv2 SSLv3 TLSv1;\r\n	ssl_ciphers  ALL:!ADH:!EXPORT56:RC4+RSA:+HIGH:+MEDIUM:+LOW:+SSLv2:+EXP;\r\n	ssl_prefer_server_ciphers   on;\r\n{literal}\r\n	location / {\r\n		proxy_pass         http://backend;\r\n		proxy_set_header   Host             $host;\r\n		proxy_set_header   X-Real-IP        $remote_addr;\r\n		proxy_set_header   X-Forwarded-For  $proxy_add_x_forwarded_for;\r\n\r\n		client_max_body_size       10m;\r\n		client_body_buffer_size    128k;\r\n  \r\n		proxy_buffering on;\r\n		proxy_connect_timeout 15;\r\n		proxy_intercept_errors on;  \r\n    }\r\n} {/literal}', 0, '', 'nginx_https_vhost_template', 1),
(4287, 18620, 'Nginx HTTPS Vhost Template', 'text', 1, '{literal}server { {/literal}\r\n	listen       443;\r\n	server_name  {$host} www.{$host} {$server_alias};\r\n	\r\n	ssl                  on;\r\n	ssl_certificate      /etc/aws/keys/ssl/https.crt;\r\n	ssl_certificate_key  /etc/aws/keys/ssl/https.key;\r\n\r\n	ssl_session_timeout  10m;\r\n	ssl_session_cache    shared:SSL:10m;\r\n\r\n	ssl_protocols  SSLv2 SSLv3 TLSv1;\r\n	ssl_ciphers  ALL:!ADH:!EXPORT56:RC4+RSA:+HIGH:+MEDIUM:+LOW:+SSLv2:+EXP;\r\n	ssl_prefer_server_ciphers   on;\r\n{literal}\r\n	location / {\r\n		proxy_pass         http://backend;\r\n		proxy_set_header   Host             $host;\r\n		proxy_set_header   X-Real-IP        $remote_addr;\r\n		proxy_set_header   X-Forwarded-For  $proxy_add_x_forwarded_for;\r\n\r\n		client_max_body_size       10m;\r\n		client_body_buffer_size    128k;\r\n  \r\n		proxy_buffering on;\r\n		proxy_connect_timeout 15;\r\n		proxy_intercept_errors on;  \r\n    }\r\n} {/literal}', 0, '', 'nginx_https_vhost_template', 1);



INSERT INTO `role_properties` (`id`, `role_id`, `name`, `value`) VALUES
(4493, 16374, 'system.ssh-port', '22'),
(4496, 16375, 'system.ssh-port', '22'),
(4842, 18367, 'system.ssh-port', '22'),
(4843, 18368, 'system.ssh-port', '22'),
(6953, 16163, 'system.ssh-port', '22'),
(6954, 16164, 'system.ssh-port', '22'),
(6955, 18015, 'system.ssh-port', '22'),
(6956, 18016, 'system.ssh-port', '22'),
(6957, 18018, 'system.ssh-port', '22'),
(6958, 18017, 'system.ssh-port', '22'),
(7066, 18615, 'system.ssh-port', '22'),
(7067, 18616, 'system.ssh-port', '22'),
(7068, 18617, 'system.ssh-port', '22'),
(7069, 18618, 'system.ssh-port', '22'),
(7070, 18623, 'system.ssh-port', '22'),
(7071, 18624, 'system.ssh-port', '22'),
(7072, 18619, 'system.ssh-port', '22'),
(7073, 18620, 'system.ssh-port', '22'),
(7074, 18621, 'system.ssh-port', '22'),
(7075, 18622, 'system.ssh-port', '22'),
(7076, 16161, 'system.ssh-port', '22'),
(7077, 16162, 'system.ssh-port', '22');


INSERT INTO `role_security_rules` (`id`, `role_id`, `rule`) VALUES
(74, 16163, 'icmp:-1:-1:0.0.0.0/0'),
(75, 16163, 'tcp:22:22:0.0.0.0/0'),
(76, 16163, 'udp:161:162:0.0.0.0/0'),
(77, 16163, 'tcp:8013:8013:0.0.0.0/0'),
(78, 16163, 'udp:8014:8014:0.0.0.0/0'),
(85, 16164, 'icmp:-1:-1:0.0.0.0/0'),
(86, 16164, 'tcp:22:22:0.0.0.0/0'),
(87, 16164, 'udp:161:162:0.0.0.0/0'),
(88, 16164, 'tcp:8013:8013:0.0.0.0/0'),
(89, 16164, 'udp:8014:8014:0.0.0.0/0'),
(129, 16161, 'icmp:-1:-1:0.0.0.0/0'),
(130, 16161, 'tcp:22:22:0.0.0.0/0'),
(131, 16161, 'udp:161:162:0.0.0.0/0'),
(132, 16161, 'tcp:3306:3306:0.0.0.0/0'),
(133, 16161, 'tcp:8013:8013:0.0.0.0/0'),
(134, 16161, 'udp:8014:8014:0.0.0.0/0'),
(135, 16374, 'icmp:-1:-1:0.0.0.0/0'),
(136, 16374, 'tcp:22:22:0.0.0.0/0'),
(137, 16374, 'udp:161:162:0.0.0.0/0'),
(138, 16374, 'tcp:3306:3306:0.0.0.0/0'),
(139, 16374, 'tcp:8013:8013:0.0.0.0/0'),
(140, 16374, 'udp:8014:8014:0.0.0.0/0'),
(145, 16162, 'icmp:-1:-1:0.0.0.0/0'),
(146, 16162, 'tcp:22:22:0.0.0.0/0'),
(147, 16162, 'udp:161:162:0.0.0.0/0'),
(148, 16162, 'tcp:3306:3306:0.0.0.0/0'),
(149, 16162, 'tcp:8013:8013:0.0.0.0/0'),
(150, 16162, 'udp:8014:8014:0.0.0.0/0'),
(151, 16375, 'icmp:-1:-1:0.0.0.0/0'),
(152, 16375, 'tcp:22:22:0.0.0.0/0'),
(153, 16375, 'udp:161:162:0.0.0.0/0'),
(154, 16375, 'tcp:3306:3306:0.0.0.0/0'),
(155, 16375, 'tcp:8013:8013:0.0.0.0/0'),
(156, 16375, 'udp:8014:8014:0.0.0.0/0'),
(423, 18015, 'icmp:-1:-1:0.0.0.0/0'),
(424, 18015, 'tcp:22:22:0.0.0.0/0'),
(425, 18015, 'tcp:8013:8013:0.0.0.0/0'),
(426, 18015, 'udp:8014:8014:0.0.0.0/0'),
(427, 18015, 'udp:161:162:0.0.0.0/0'),
(428, 18015, 'tcp:80:80:0.0.0.0/0'),
(429, 18015, 'tcp:443:443:0.0.0.0/0'),
(430, 18016, 'icmp:-1:-1:0.0.0.0/0'),
(431, 18016, 'tcp:22:22:0.0.0.0/0'),
(432, 18016, 'tcp:8013:8013:0.0.0.0/0'),
(433, 18016, 'udp:8014:8014:0.0.0.0/0'),
(434, 18016, 'udp:161:162:0.0.0.0/0'),
(435, 18016, 'tcp:80:80:0.0.0.0/0'),
(436, 18016, 'tcp:443:443:0.0.0.0/0'),
(437, 18017, 'icmp:-1:-1:0.0.0.0/0'),
(438, 18017, 'tcp:22:22:0.0.0.0/0'),
(439, 18017, 'tcp:8013:8013:0.0.0.0/0'),
(440, 18017, 'udp:8014:8014:0.0.0.0/0'),
(441, 18017, 'udp:161:162:0.0.0.0/0'),
(442, 18017, 'tcp:80:80:0.0.0.0/0'),
(443, 18017, 'tcp:443:443:0.0.0.0/0'),
(444, 18018, 'icmp:-1:-1:0.0.0.0/0'),
(445, 18018, 'tcp:22:22:0.0.0.0/0'),
(446, 18018, 'tcp:8013:8013:0.0.0.0/0'),
(447, 18018, 'udp:8014:8014:0.0.0.0/0'),
(448, 18018, 'udp:161:162:0.0.0.0/0'),
(449, 18018, 'tcp:80:80:0.0.0.0/0'),
(450, 18018, 'tcp:443:443:0.0.0.0/0'),
(991, 18367, 'icmp:-1:-1:0.0.0.0/0'),
(992, 18367, 'tcp:22:22:0.0.0.0/0'),
(993, 18367, 'tcp:8013:8013:0.0.0.0/0'),
(994, 18367, 'udp:8014:8014:0.0.0.0/0'),
(995, 18367, 'udp:161:162:0.0.0.0/0'),
(996, 18367, 'tcp:3306:3306:0.0.0.0/0'),
(997, 18367, 'tcp:80:80:0.0.0.0/0'),
(998, 18367, 'tcp:443:443:0.0.0.0/0'),
(999, 18368, 'icmp:-1:-1:0.0.0.0/0'),
(1000, 18368, 'tcp:22:22:0.0.0.0/0'),
(1001, 18368, 'tcp:8013:8013:0.0.0.0/0'),
(1002, 18368, 'udp:8014:8014:0.0.0.0/0'),
(1003, 18368, 'udp:161:162:0.0.0.0/0'),
(1004, 18368, 'tcp:3306:3306:0.0.0.0/0'),
(1005, 18368, 'tcp:80:80:0.0.0.0/0'),
(1006, 18368, 'tcp:443:443:0.0.0.0/0'),
(1387, 18615, 'icmp:-1:-1:0.0.0.0/0'),
(1388, 18615, 'tcp:22:22:0.0.0.0/0'),
(1389, 18615, 'tcp:8013:8013:0.0.0.0/0'),
(1390, 18615, 'udp:8014:8014:0.0.0.0/0'),
(1391, 18615, 'udp:161:162:0.0.0.0/0'),
(1392, 18616, 'icmp:-1:-1:0.0.0.0/0'),
(1393, 18616, 'tcp:22:22:0.0.0.0/0'),
(1394, 18616, 'tcp:8013:8013:0.0.0.0/0'),
(1395, 18616, 'udp:8014:8014:0.0.0.0/0'),
(1396, 18616, 'udp:161:162:0.0.0.0/0'),
(1397, 18617, 'icmp:-1:-1:0.0.0.0/0'),
(1398, 18617, 'tcp:22:22:0.0.0.0/0'),
(1399, 18617, 'tcp:8013:8013:0.0.0.0/0'),
(1400, 18617, 'udp:8014:8014:0.0.0.0/0'),
(1401, 18617, 'udp:161:162:0.0.0.0/0'),
(1402, 18617, 'tcp:80:80:0.0.0.0/0'),
(1403, 18617, 'tcp:443:443:0.0.0.0/0'),
(1404, 18618, 'icmp:-1:-1:0.0.0.0/0'),
(1405, 18618, 'tcp:22:22:0.0.0.0/0'),
(1406, 18618, 'tcp:8013:8013:0.0.0.0/0'),
(1407, 18618, 'udp:8014:8014:0.0.0.0/0'),
(1408, 18618, 'udp:161:162:0.0.0.0/0'),
(1409, 18618, 'tcp:80:80:0.0.0.0/0'),
(1410, 18618, 'tcp:443:443:0.0.0.0/0'),
(1411, 18619, 'icmp:-1:-1:0.0.0.0/0'),
(1412, 18619, 'tcp:22:22:0.0.0.0/0'),
(1413, 18619, 'tcp:8013:8013:0.0.0.0/0'),
(1414, 18619, 'udp:8014:8014:0.0.0.0/0'),
(1415, 18619, 'udp:161:162:0.0.0.0/0'),
(1416, 18619, 'tcp:80:80:0.0.0.0/0'),
(1417, 18619, 'tcp:443:443:0.0.0.0/0'),
(1418, 18620, 'icmp:-1:-1:0.0.0.0/0'),
(1419, 18620, 'tcp:22:22:0.0.0.0/0'),
(1420, 18620, 'tcp:8013:8013:0.0.0.0/0'),
(1421, 18620, 'udp:8014:8014:0.0.0.0/0'),
(1422, 18620, 'udp:161:162:0.0.0.0/0'),
(1423, 18620, 'tcp:80:80:0.0.0.0/0'),
(1424, 18620, 'tcp:443:443:0.0.0.0/0'),
(1425, 18621, 'icmp:-1:-1:0.0.0.0/0'),
(1426, 18621, 'tcp:22:22:0.0.0.0/0'),
(1427, 18621, 'tcp:8013:8013:0.0.0.0/0'),
(1428, 18621, 'udp:8014:8014:0.0.0.0/0'),
(1429, 18621, 'udp:161:162:0.0.0.0/0'),
(1430, 18621, 'tcp:3306:3306:0.0.0.0/0'),
(1431, 18622, 'icmp:-1:-1:0.0.0.0/0'),
(1432, 18622, 'tcp:22:22:0.0.0.0/0'),
(1433, 18622, 'tcp:8013:8013:0.0.0.0/0'),
(1434, 18622, 'udp:8014:8014:0.0.0.0/0'),
(1435, 18622, 'udp:161:162:0.0.0.0/0'),
(1436, 18622, 'tcp:3306:3306:0.0.0.0/0'),
(1437, 18623, 'icmp:-1:-1:0.0.0.0/0'),
(1438, 18623, 'tcp:22:22:0.0.0.0/0'),
(1439, 18623, 'tcp:8013:8013:0.0.0.0/0'),
(1440, 18623, 'udp:8014:8014:0.0.0.0/0'),
(1441, 18623, 'udp:161:162:0.0.0.0/0'),
(1442, 18623, 'tcp:3306:3306:0.0.0.0/0'),
(1443, 18623, 'tcp:80:80:0.0.0.0/0'),
(1444, 18623, 'tcp:443:443:0.0.0.0/0'),
(1445, 18624, 'icmp:-1:-1:0.0.0.0/0'),
(1446, 18624, 'tcp:22:22:0.0.0.0/0'),
(1447, 18624, 'tcp:8013:8013:0.0.0.0/0'),
(1448, 18624, 'udp:8014:8014:0.0.0.0/0'),
(1449, 18624, 'udp:161:162:0.0.0.0/0'),
(1450, 18624, 'tcp:3306:3306:0.0.0.0/0'),
(1451, 18624, 'tcp:80:80:0.0.0.0/0'),
(1452, 18624, 'tcp:443:443:0.0.0.0/0');


INSERT INTO `role_software` (`id`, `role_id`, `software_name`, `software_version`, `software_key`) VALUES
(61, 18015, 'apache', '2.2.3', 'apache'),
(62, 18015, 'php', '5.1.6', 'php'),
(63, 18016, 'apache', '2.2.3', 'apache'),
(64, 18016, 'php', '5.1.6', 'php'),
(65, 18017, 'nginx', '0.6.39', 'nginx'),
(66, 18018, 'nginx', '0.6.39', 'nginx'),
(245, 18367, 'apache', '2.2.3', 'apache'),
(246, 18367, 'php', '5.1.6', 'php'),
(247, 18367, 'mysql', '5.0.77', 'mysql'),
(248, 18368, 'apache', '2.2.3', 'apache'),
(249, 18368, 'php', '5.1.6', 'php'),
(250, 18368, 'mysql', '5.0.77', 'mysql'),
(377, 18615, 'python 2.6.5', '', 'python 2.6.5'),
(378, 18616, 'python 2.6.5', '', 'python 2.6.5'),
(379, 18617, 'Apache 2.2.14, PHP 5.3.2', '', 'Apache 2.2.14, PHP 5'),
(380, 18618, 'Apache 2.2.14, PHP 5.3.2', '', 'Apache 2.2.14, PHP 5'),
(381, 18619, 'Nginx 0.7.65', '', 'Nginx 0.7.65'),
(382, 18620, 'Nginx 0.7.65', '', 'Nginx 0.7.65'),
(383, 18621, 'MySQL 5.1.41', '', 'MySQL 5.1.41'),
(384, 18622, 'MySQL 5.1.41', '', 'MySQL 5.1.41'),
(385, 18623, 'Apache 2.2.14, PHP 5.3.2, MySQL 5.1.41', '', 'Apache 2.2.14, PHP 5'),
(386, 18624, 'Apache 2.2.14, PHP 5.3.2, MySQL 5.1.41', '', 'Apache 2.2.14, PHP 5');
